Recency,Frequency,Monetary
66,15,-51.739999999999995
2,2,1323.32
73,1,222.16
42,4,2646.99
10,1,300.93
10,2,343.8
43,1,317.76
202,1,488.21000000000004
15,3,3560.3
23,2,12079.99
10,3,2719.01
60,8,2469.36
14,6,1550.83
97,3,321.35
373,1,130.0
268,1,500.24
263,1,917.6999999999999
48,3,1791.15
259,3,774.62
44,3,2179.42
259,2,763.0500000000001
56,3,2246.29
24,2,503.15
16,2,1798.2
197,1,1407.7
57,2,767.98
16,10,5167.44
317,1,-18.38
14,2,1923.4
1,1,258.9
50,1,143.94
80,2,1120.45
37,3,1433.33
99,6,2259.58
226,1,234.75000000000003
17,3,794.15
6,4,2048.64
309,1,931.43
20,3,853.65
49,1,205.25
27,6,1018.55
156,1,591.6600000000001
317,1,63.24
23,4,2791.46
14,5,1437.07
55,6,12033.539999999999
137,1,320.38
44,1,346.9
37,5,1354.15
37,1,241.35
98,5,130.0
10,7,19543.84
291,1,202.56
36,15,3109.91
48,4,1348.37
20,2,503.01
50,3,286.56
29,18,3315.79
22,2,763.08
57,5,1528.82
65,2,903.61
281,2,728.6800000000001
6,1,303.5
0,6,3685.11
8,16,4303.02
1,6,7052.99
16,1,297.29
31,4,6096.04
28,28,7498.19
317,3,1089.18
92,3,768.15
1,1,173.55
367,1,485.31
35,2,293.08000000000004
45,2,768.6
34,5,469.07
98,4,3613.0099999999998
30,7,4292.71
80,4,3413.09
52,2,554.53
62,2,830.09
240,1,454.36
91,1,326.65
317,1,56.73
21,2,0.0
65,7,2900.5099999999998
157,2,3070.54
324,1,211.95
7,81,19197.49
4,26,10727.21
3,25,4849.98
44,1,426.26
9,18,7137.54
34,3,7056.63
34,4,2153.4700000000003
0,8,6626.17
84,32,21893.53
13,14,2496.34
112,8,1806.93
164,1,708.1
66,1,1037.28
365,2,259.79999999999995
13,12,4400.71
38,1,452.0
0,5,604.17
269,2,323.4
255,2,45.34
35,3,5168.650000000001
195,1,393.72
70,12,1666.04
219,1,1126.0
52,2,297.0
28,2,912.5
219,1,539.25
94,14,2706.76
49,2,3065.77
276,1,580.08
65,2,1336.56
99,2,354.35
9,17,2455.48
23,10,6605.64
126,8,835.1800000000001
129,2,386.8
157,2,311.78000000000003
44,7,2066.23
315,2,1773.83
253,6,1149.99
43,1,732.94
13,1,276.5
85,3,5646.400000000001
13,17,8798.25
119,4,423.38
83,1,980.25
135,1,175.78
210,6,1575.68
20,3,896.57
83,1,468.5
317,1,129.23
6,4,6725.18
20,2,1185.18
43,1,249.24
2,8,4278.88
279,1,70.0
317,1,77.52
16,4,556.87
92,2,622.8199999999999
27,5,776.89
16,5,990.5
20,3,1819.0900000000001
211,1,637.2
57,2,1469.04
8,14,7157.5599999999995
3,4,1848.73
34,4,724.08
49,9,2447.49
136,2,-7.9
25,2,886.1
154,6,715.02
13,6,1724.29
139,1,299.02
70,6,1411.99
16,6,1264.14
6,16,2374.75
39,1,104.19999999999999
0,5,1225.45
317,1,21.0
39,1,415.79
9,7,2291.01
23,7,3354.84
48,7,3273.69
17,2,388.1
195,1,140.14
0,22,10967.24
51,8,3334.7400000000002
144,2,2481.06
20,2,1558.22
66,6,2811.77
155,4,738.88
17,5,3454.58
170,2,490.0
27,2,1241.23
373,1,141.0
13,4,2280.91
274,1,249.8
69,2,826.27
20,8,4490.66
65,5,1337.63
44,5,1743.72
2,35,14012.87
69,4,778.95
0,7,1634.99
13,4,251.29999999999998
69,1,97.05000000000001
161,1,1950.98
58,1,261.35
60,4,2338.06
71,1,162.0
8,11,3132.09
259,3,204.0
149,2,1188.16
52,3,239.7
29,1,1248.42
13,6,7575.88
20,2,764.24
241,1,2622.481
224,2,184.6
36,1,619.5
188,4,933.55
43,6,1441.7
190,3,389.3
10,10,16262.87
2,30,16874.17
0,24,11657.59
0,9,4197.51
6,1,89.14
115,2,2138.91
55,1,134.6
272,1,110.95
31,5,809.46
50,2,969.78
163,3,825.02
69,3,801.15
225,1,339.75
52,1,638.11
164,4,1648.7
268,5,617.48
9,8,4739.76
317,1,-91.89
3,15,2501.84
1,30,20769.63
246,2,1339.05
0,14,2738.03
23,7,9384.85
225,1,277.93
4,13,2334.6
0,4,1277.7
18,3,1286.11
6,4,2266.76
22,4,1405.5
77,3,1698.8300000000002
18,1,233.84
156,1,829.25
77,5,6879.8
24,5,1942.87
9,2,529.25
133,2,3710.5
7,1,155.35
20,2,1713.69
164,2,406.07
234,2,1185.02
94,4,4037.77
121,3,925.41
162,3,230.85000000000002
4,22,4949.08
0,159,20491.27
20,8,2460.29
79,1,268.27
0,19,4203.15
94,6,6987.41
21,5,3489.3
90,1,347.8
92,2,782.95
4,1,320.08
107,6,1404.58
1,5,3036.8
10,1,949.82
66,2,3.552713678800501e-15
34,6,1624.5
99,2,262.5
199,2,1.7763568394002505e-15
170,1,98.7
23,2,300.08
302,1,55.5
92,1,519.45
31,3,953.45
6,10,2538.06
233,1,337.4
9,8,2252.7200000000003
164,1,1230.33
170,3,773.6
244,1,728.5
48,2,395.52
98,4,444.9
147,2,181.5
42,2,238.53
8,8,585.15
169,2,413.34
6,2,471.85
263,1,381.0
0,4,531.28
56,1,1533.8899999999999
164,1,219.35
105,3,584.25
112,2,1031.87
77,7,1937.84
28,1,1092.81
100,2,325.37
16,4,1434.95
70,4,2878.96
17,3,269.95
3,3,422.45
188,6,1220.98
169,2,534.99
13,2,519.05
136,3,1687.8
34,2,524.94
93,1,540.52
32,9,1705.6
246,1,128.07999999999998
29,13,4742.0
156,2,518.63
0,8,1460.57
185,1,92.30000000000001
98,2,236.06
53,49,5972.19
24,13,3910.2200000000003
204,1,528.5600000000001
8,11,2672.3
2,16,4344.21
72,5,1299.6
4,18,3468.36
39,2,799.0
17,25,4659.8
77,2,322.64
317,1,15.58
22,1,765.36
310,1,208.0
16,4,2032.18
80,1,330.0
112,1,148.95
56,7,1846.8
196,6,1618.42
7,4,612.84
71,5,2577.85
18,2,121.08
93,1,575.1
328,1,54.22
254,1,68.25
60,2,984.62
14,5,2271.35
143,1,152.45
13,2,1755.24
109,2,668.23
32,6,3819.92
8,3,640.0
316,1,337.66999999999996
1,4,1662.05
74,1,363.38
0,12,3055.37
32,2,1653.3
20,3,933.42
106,3,1013.76
29,3,1850.5700000000002
36,8,1406.3700000000001
16,2,640.13
18,1,222.4
16,6,365.66
22,1,329.3
93,9,488.5
31,1,263.38
210,1,157.35
365,1,-29.75
16,2,297.75
98,2,296.21000000000004
48,1,366.4
57,1,340.33
63,1,833.53
211,3,1011.82
30,3,440.36
15,3,1026.0
57,5,905.94
14,6,2671.98
186,1,1651.72
3,9,4217.2300000000005
35,1,223.98
7,7,721.2
77,3,1534.78
35,7,3735.5
261,3,-10953.5
206,3,323.86
1,55,18249.71
25,2,597.6
27,9,1493.2
227,1,35.28
46,4,1523.97
29,1,197.31
13,7,2242.19
15,51,37836.86
174,8,1698.56
15,7,970.6
371,1,181.65
9,11,2025.56
98,5,1593.34
14,12,13683.0
359,1,377.49
0,1,258.75
28,3,492.75
291,1,437.16
71,1,324.45
8,1,304.04
365,2,252.48000000000002
17,18,11247.98
9,12,2122.35
157,1,498.96000000000004
273,1,162.45
319,3,413.82
176,9,4649.38
35,2,467.34
119,2,133.35
48,4,1322.07
14,1,211.99
0,6,1671.76
72,1,132.24
6,2,2646.02
237,1,122.45
15,6,1048.13
1,34,4552.4800000000005
48,6,1115.95
48,1,385.55
200,1,264.15
65,8,1993.99
13,7,2417.7799999999997
136,3,474.64
20,6,2496.07
364,2,479.53999999999996
14,14,8817.33
23,15,2184.92
233,1,490.08000000000004
37,12,1998.3400000000001
55,3,753.51
59,20,5992.29
52,4,546.0
24,1,261.06
360,1,93.35000000000001
58,6,776.5
10,1,355.5
23,9,867.1700000000001
127,4,897.38
205,2,430.15000000000003
39,22,14241.53
51,2,293.18
21,24,5530.56
62,3,466.08
214,1,175.25
32,5,364.81
307,1,234.0
9,2,330.12
7,1,50.550000000000004
64,4,1279.56
6,18,7814.83
62,2,1855.4
63,9,3119.44
36,8,2470.06
14,8,1212.95
183,5,606.96
0,13,2201.98
64,1,65.3
163,1,759.13
99,3,535.42
366,1,323.39
123,5,753.97
20,17,10140.0
9,2,679.8
3,1,402.36
42,5,3292.84
27,8,1793.48
64,1,30.0
4,2,279.91
66,1,442.32
319,1,307.1
34,13,2961.48
219,4,1010.73
85,4,799.13
219,4,1454.84
127,12,4257.88
36,2,503.64
91,1,319.94
8,27,5387.62
71,8,2210.67
24,3,727.46
1,30,6107.83
213,2,155.8
55,6,2771.18
256,1,127.65
317,1,-14.0
44,2,1090.55
186,1,209.48
165,4,528.24
48,11,2077.82
115,1,188.4
185,2,561.25
8,6,1050.1000000000001
44,2,393.05
4,17,4968.150000000001
94,4,515.1
247,1,129.22
46,2,418.08
146,5,1362.8400000000001
92,1,135.4
1,11,2301.85
1,53,16451.55
52,1,199.08
36,4,202.75
6,25,30363.670000000002
59,15,3673.44
60,1,91.67999999999999
122,2,116.44999999999999
55,7,1187.08
17,1,439.33000000000004
361,1,313.64
52,1,236.11
3,132,55801.73
0,15,5078.94
364,4,-450.03999999999996
49,9,1547.5
8,76,46332.26
3,2,505.8
29,1,419.70000000000005
23,26,6910.49
259,1,-1598.67
133,3,594.21
0,16,5103.83
72,2,465.70000000000005
50,3,610.62
71,1,72.0
48,1,526.96
44,10,3585.55
7,2,748.46
184,2,340.74
72,6,1443.3000000000002
353,1,321.88000000000005
176,3,-5.44
1,22,6067.5599999999995
365,1,234.38
1,10,3168.82
0,13,1657.2
11,5,1209.1
303,1,134.9
107,2,506.75
20,1,885.33
158,1,148.62
1,11,1846.18
266,1,263.5
87,2,233.25
53,4,2240.47
94,1,90.65
37,2,681.65
126,1,275.45
0,14,3532.42
21,8,3983.65
7,3,492.1
72,1,3138.04
1,3,790.71
20,15,5138.33
217,2,399.2
66,1,24.4
7,4,805.0
24,19,4674.99
105,4,435.02
260,3,1145.79
52,9,2114.98
34,4,1609.29
3,3,778.42
20,3,1586.54
44,5,3946.14
23,1,307.12
135,1,359.38
15,14,7471.95
245,2,0.0
204,3,297.46000000000004
48,1,429.68
49,1,458.73
25,1,333.82
177,1,541.14
197,1,127.2
35,1,69.6
2,12,2193.26
4,10,6621.6
189,4,793.1
65,1,229.75
32,14,8272.42
253,1,572.3100000000001
242,1,86.10000000000001
16,1,359.69
29,9,3053.1
259,4,86.64
179,4,518.76
293,1,164.69
153,6,1632.59
56,1,412.08
49,1,136.73
78,4,1261.86
244,1,373.01000000000005
20,4,1528.19
1,31,6601.02
137,4,1233.06
13,8,1571.35
21,7,1761.09
366,1,966.6600000000001
78,1,2803.2
35,15,8211.0
86,2,285.6
84,3,758.65
149,5,2617.9
16,9,1500.9
13,8,2316.19
52,7,3264.23
37,1,81.6
290,1,132.5
253,1,76.23
210,1,516.8
212,1,88.5
58,4,805.9200000000001
56,9,9796.23
28,1,204.25
0,17,3457.83
181,1,-355.2
55,2,571.34
307,2,346.5
22,1,643.0
65,2,305.9
72,5,1250.28
0,6,958.86
46,1,112.53
86,4,429.0
84,4,635.26
67,1,558.72
28,7,1345.68
36,6,897.52
87,3,245.59
37,1,252.68
29,3,341.3
65,2,1920.71
11,1,51.410000000000004
8,2,504.95
62,3,117.95
14,2,336.59999999999997
32,8,1119.36
24,2,373.16
28,4,1239.27
77,1,722.5600000000001
30,11,2247.63
1,25,5107.77
4,14,3545.47
1,1,590.0
44,1,360.85
18,2,238.86
32,5,1280.28
15,3,264.9
34,4,885.47
14,5,1469.37
72,3,306.45
41,1,181.05
202,2,279.7
235,2,655.47
235,1,734.91
218,7,519.67
78,6,892.16
358,1,307.95
65,3,-208.63
49,10,2909.68
45,4,408.85
27,7,1180.34
281,1,815.79
7,8,860.07
58,5,705.11
20,4,2262.82
48,4,1030.8
23,3,901.9200000000001
161,1,95.45
35,1,61.72
83,6,820.37
7,7,1751.75
65,1,53.65
122,2,258.34
231,1,284.86
27,1,249.58
15,2,409.17
86,1,124.75
114,10,1867.95
324,1,310.26
27,7,7085.49
14,22,3928.4610000000002
0,45,11041.75
63,3,669.25
63,11,3348.57
67,1,281.76
0,15,6123.46
1,11,4236.62
90,3,1655.17
36,1,262.4
46,3,1015.74
171,3,2692.73
175,1,-955.06
153,2,1548.55
168,7,1791.8
52,5,11364.08
217,1,-14.100000000000001
97,6,299.4
23,1,-28.849999999999998
129,4,3196.11
28,2,570.7
63,7,1464.1
107,2,1450.5
13,5,2272.08
44,1,731.36
28,1,-26.9
66,1,510.20000000000005
49,3,462.7
0,1,308.28000000000003
1,2,721.32
133,4,2271.46
50,3,4274.94
49,2,422.8
79,1,1013.58
31,4,1495.43
57,1,-756.4
67,1,62.4
14,8,4558.21
63,4,1164.59
178,1,305.28000000000003
25,6,2512.81
49,2,835.46
52,1,186.94
238,1,508.55
312,1,91.14
218,6,1105.85
14,14,4011.08
35,2,872.51
72,7,1554.93
83,1,213.0
99,3,275.4
209,2,300.93
259,1,-1834.14
7,3,913.9000000000001
22,2,154.5
108,6,624.11
62,3,557.22
213,6,2111.89
6,57,23365.442
259,1,-525.65
28,5,1183.6
255,1,487.34999999999997
274,8,345.8
98,4,1091.74
107,5,665.42
371,1,228.3
182,5,953.0600000000001
7,16,6020.02
41,8,2212.84
63,1,217.03
79,2,557.92
143,5,1738.52
17,12,4526.06
112,3,423.93
149,2,276.76
41,7,2020.14
206,2,439.1
72,5,656.87
20,3,1132.6200000000001
11,2,637.44
182,1,46.5
23,2,702.9
58,10,1213.95
66,1,424.26
302,3,419.87
83,7,1240.71
9,2,619.08
261,1,241.89999999999998
55,18,3608.86
8,11,4935.78
9,8,2073.82
16,7,4180.55
107,1,139.8
28,3,402.01
276,1,219.87
1,8,1766.47
323,4,143.27
14,2,2312.7
259,2,1160.4099999999999
35,5,2693.5
45,4,1002.35
55,1,-158.65
29,6,2409.21
81,2,931.12
31,5,654.3
3,49,7419.86
288,1,82.4
98,2,592.24
209,7,1993.44
78,2,419.75
41,3,823.0
90,5,1364.59
104,7,2068.03
84,4,517.5
51,2,627.82
3,7,2022.03
262,1,151.45
18,3,453.52
11,14,2503.68
140,2,271.47
2,13,6603.12
289,1,154.25
7,18,3350.7400000000002
1,9,3256.49
3,6,945.28
365,1,327.38
36,1,299.53
121,3,1529.79
45,3,482.6
114,11,1530.54
4,6,1156.83
277,1,176.07999999999998
142,1,135.0
10,12,2703.23
118,2,244.61
22,3,462.18
76,3,591.89
63,3,663.7
84,2,374.7
52,1,295.85
77,1,220.46
6,8,3192.9
1,2,1136.64
373,4,942.5999999999999
53,6,2288.98
317,1,-40.0
269,1,402.97999999999996
1,5,1254.72
9,17,1711.42
37,1,89.5
60,2,717.85
31,5,1822.28
55,5,925.42
102,3,632.39
58,3,717.9
11,18,3924.09
269,2,1439.6100000000001
46,5,505.64
25,3,337.64
17,2,465.15
43,1,167.08
106,1,223.28
22,1,87.6
18,1,342.55
301,1,152.39999999999998
44,16,3049.1
309,1,499.6
15,10,1547.46
13,12,4700.11
64,2,200.82
29,14,2396.02
147,2,990.0
32,10,1661.54
36,5,3038.85
3,50,14948.800000000001
46,1,174.57999999999998
69,3,831.76
63,5,1074.19
2,3,497.74
17,14,2448.32
14,4,614.27
46,1,404.45
8,13,4812.85
17,9,1688.32
44,1,147.66
4,5,1068.8
41,1,107.75
49,1,162.53
24,2,241.68
314,1,664.001
133,4,198.0
165,4,674.46
176,1,127.28
84,3,961.1
84,4,741.09
10,14,4308.62
70,5,964.0600000000001
22,10,3479.73
120,2,111.45000000000002
151,3,784.48
23,3,372.21
130,4,601.92
1,21,4759.74
269,1,298.9
27,2,466.67
16,3,596.28
287,2,713.39
22,2,522.67
27,2,382.6
175,1,232.05
228,1,167.35
22,8,1006.08
9,10,2118.63
153,2,777.79
87,5,1039.8500000000001
28,2,747.28
29,10,5812.24
203,2,283.85
43,6,719.62
179,2,224.94
163,1,112.34
323,2,651.45
15,8,1760.53
16,2,427.18
231,1,301.26
9,2,432.26
123,3,593.53
311,1,310.14
48,8,5578.5
29,4,1517.68
238,1,-306.66
9,12,2932.4900000000002
72,5,1877.19
71,1,312.93
246,1,405.0
275,7,921.82
67,4,147.17
15,12,1592.73
34,3,323.3
129,4,1393.56
35,11,1679.01
1,5,1304.88
9,9,1289.16
16,2,114.75
3,3,1475.77
122,1,152.2
15,5,3600.67
9,6,1326.33
93,5,673.7
18,6,3350.6
51,14,3165.78
30,2,295.74
238,1,325.24
20,10,1304.05
15,5,1824.14
317,1,-13.14
21,3,1711.6599999999999
55,2,43.25
17,18,6445.37
42,1,195.0
29,1,172.6
365,1,233.53000000000003
64,2,215.88
174,3,153.15
39,2,551.24
128,3,281.26
106,8,7700.55
92,1,258.6
25,4,482.29
15,2,337.04
73,1,11880.84
270,1,375.5
79,1,349.5
31,1,212.78
35,3,1549.58
9,11,1980.32
8,105,128172.42
212,1,266.6
56,4,2008.7
231,2,451.73
182,2,402.82
52,4,321.09
72,2,159.55
80,1,135.18
48,2,8.881784197001252e-16
8,5,1323.47
261,1,300.38
64,3,2559.45
81,5,1263.7
58,2,329.04
41,13,1380.55
245,1,537.58
43,3,740.76
100,1,161.35
7,14,7328.75
87,4,315.79
28,6,1741.4
30,1,217.39999999999998
55,7,3260.0
27,5,994.23
272,1,213.01
246,7,727.9200000000001
22,10,1839.03
70,5,676.4300000000001
45,3,484.53000000000003
143,6,3445.34
11,14,6657.88
60,9,1979.3700000000001
31,1,434.78000000000003
162,1,75.3
50,4,1232.02
176,2,469.73
48,1,176.69
8,2,169.79999999999998
8,5,1320.1
336,1,-10.25
9,8,1916.3400000000001
162,1,404.45000000000005
233,3,1353.31
72,1,164.45000000000002
2,11,3983.3300000000004
309,1,195.55
1,14,6072.59
39,4,1071.85
137,4,881.52
228,4,2165.76
23,3,3492.53
204,3,1400.2
288,1,352.821
130,1,190.35
4,48,18169.97
198,8,758.07
2,14,2994.76
57,4,785.37
168,5,3094.37
30,6,1957.89
31,2,301.54
225,1,1049.66
63,8,-340.17
0,42,30268.22
126,4,937.84
150,1,161.13
42,1,372.06
227,3,643.04
88,8,869.27
122,4,1542.09
69,4,434.39
63,4,542.49
2,8,2505.46
91,7,864.66
140,1,3.75
23,1,239.45999999999998
57,1,188.4
281,1,96.0
181,1,126.03
23,4,836.3
134,1,289.7
71,4,1168.45
7,63,37222.05
72,11,1350.96
65,2,1121.24
9,18,21585.29
66,3,1042.04
70,2,572.73
2,4,397.3
29,2,524.65
156,7,1333.01
148,2,676.95
31,5,3270.88
64,1,61.28
304,4,1490.75
53,5,632.5
27,5,969.74
14,6,2400.89
14,9,1574.42
256,2,255.59
56,1,102.0
209,2,135.95000000000002
4,15,4780.69
57,1,557.6899999999999
39,1,316.56
211,3,247.89
154,4,210.25
34,3,602.52
4,7,1245.91
121,1,139.95000000000002
51,1,651.4
1,11,2219.34
16,1,319.75
34,1,442.73
354,1,310.72
1,6,2080.0
32,4,1905.85
14,6,1865.3000000000002
241,2,170.45000000000002
0,17,4133.19
135,5,1253.94
98,10,695.48
28,7,997.11
164,1,314.7
64,3,251.31
24,1,346.73
83,4,918.07
21,1,662.4000000000001
16,6,4913.22
15,8,2938.59
59,7,1415.15
148,6,891.32
18,5,649.32
139,9,1448.75
22,9,3027.58
99,4,329.09
182,3,1145.33
280,1,395.5
2,5,1171.89
10,29,27402.98
15,17,3803.99
11,8,1007.63
39,5,1405.92
17,7,1438.8300000000002
9,8,997.87
13,3,859.21
112,2,634.68
141,3,1335.5
260,1,388.55
73,2,849.56
46,1,530.47
15,4,867.14
9,15,2732.14
267,8,30411.26
35,1,165.45000000000002
206,3,244.45
44,1,42.0
326,1,136.8
58,2,282.85
78,1,-127.66
14,13,1619.1299999999999
58,1,124.95
141,1,42.22
29,2,31.200000000000003
98,5,1260.51
59,2,975.87
66,5,1734.88
34,5,720.75
52,4,652.45
48,2,340.97
51,11,2515.25
27,9,4019.85
231,3,6116.92
17,2,563.08
31,2,708.53
63,6,976.91
6,12,5933.74
169,1,320.0
212,1,246.54
288,1,200.43
29,2,854.15
11,4,1183.8600000000001
46,4,434.86
9,14,9544.8
44,5,3125.0
10,1,221.10999999999999
52,3,458.25
7,12,4504.78
34,3,470.73
20,2,498.7
70,1,193.25
2,15,2235.08
22,3,421.9
90,5,777.6600000000001
70,1,384.26
31,1,85.6
58,1,123.66
0,20,4181.03
21,2,846.55
52,7,1891.6100000000001
212,3,249.93
28,7,2786.66
141,3,834.38
46,1,519.8100000000001
28,10,2420.66
72,8,521.88
35,2,327.39
0,9,2494.98
1,18,4377.75
1,8,1128.09
9,8,2957.78
14,2,682.54
18,2,609.84
99,3,759.98
15,2,142.7
14,12,3280.7000000000003
14,12,2452.77
21,2,895.76
154,3,376.46
81,3,566.7
9,21,5572.75
49,6,1243.88
8,7,2487.01
367,1,209.41
28,4,1675.81
163,4,1234.48
147,1,79.48
10,2,493.74
97,1,404.3
200,3,288.09999999999997
115,3,451.91999999999996
15,3,533.2
11,2,1443.03
31,8,7051.25
206,1,229.75
280,1,367.15000000000003
111,3,570.46
9,4,1084.68
121,1,352.15000000000003
25,1,318.04
99,10,3969.1
105,2,713.11
133,5,3175.5
1,16,5722.76
0,35,23311.74
1,8,1856.23
190,1,109.44
41,6,1362.48
113,5,608.75
23,4,1446.45
210,1,115.08000000000001
21,27,8848.49
360,1,431.98
126,3,299.65
53,7,2414.33
8,16,8000.88
0,14,2868.7200000000003
17,2,338.76
22,12,7312.25
1,17,6587.56
25,1,241.3
32,2,312.05
212,2,795.3199999999999
16,5,2135.0
97,2,469.19
1,14,3367.76
142,3,917.4300000000001
9,15,14951.43
65,13,-3767.1999999999994
65,14,1798.6499999999999
24,4,889.37
231,4,1227.47
149,2,225.81
319,1,321.6
301,1,390.85
258,1,219.39999999999998
38,3,792.61
30,1,115.66
8,4,640.34
317,1,243.63
48,5,1030.13
4,13,4279.27
27,1,231.10999999999999
6,3,373.3
147,1,150.5
3,16,5607.43
97,1,39.95
39,3,608.0
22,6,11984.53
289,2,9530.08
7,11,3146.64
74,2,310.82
357,1,2.95
116,2,422.85999999999996
10,10,2592.7400000000002
23,8,3965.34
300,1,0.0
24,3,527.3199999999999
29,7,4443.65
372,1,214.79999999999998
72,5,2165.2200000000003
366,2,447.05
70,22,7287.95
86,15,2750.34
10,23,4778.83
30,5,977.5600000000001
136,2,622.6700000000001
63,1,458.45
10,2,183.37
65,1,-23.8
29,5,309.77
368,1,436.18
79,1,466.33000000000004
15,3,1190.3700000000001
178,2,271.86
34,4,1467.48
10,3,1377.86
283,1,168.22
368,1,305.5
17,15,11123.35
2,12,4914.74
35,7,1553.96
316,2,294.1
125,3,670.98
8,4,655.94
121,1,30.599999999999998
94,3,3857.85
18,7,5259.3
23,9,1550.9
49,1,309.09000000000003
308,3,666.7
22,6,1364.35
118,1,233.4
16,8,4917.98
6,138,183163.55
24,3,553.8000000000001
14,11,2879.03
245,7,8421.47
4,5,2182.46
97,1,148.71
140,2,251.15
99,4,711.7
55,3,305.9
65,2,621.51
10,3,570.18
365,1,135.0
240,4,356.27
276,3,116.11
15,10,4242.38
2,2,339.11
16,9,1660.23
7,12,1469.98
45,2,308.35
78,5,660.07
46,2,278.34000000000003
62,5,1550.63
108,1,123.5
3,2,1160.31
301,1,79.9
29,3,53.4
23,1,293.74
31,1,356.8
27,22,7226.12
70,7,1418.54
45,1,390.05
35,6,864.08
35,5,731.0999999999999
252,1,379.2
44,3,446.1
16,3,847.76
32,1,339.34
57,3,874.22
0,9,1689.6
15,3,836.9499999999999
322,1,157.8
186,1,415.31
20,12,2870.2400000000002
6,15,3913.4300000000003
46,13,2093.39
80,1,1119.6599999999999
6,2,-1.4210854715202004e-14
3,4,1626.61
44,2,303.09
0,11,1281.51
44,2,543.89
202,2,882.5999999999999
84,9,3078.7400000000002
25,5,831.98
69,5,2009.17
70,2,766.14
49,7,3011.6
72,3,745.5
38,6,1018.39
70,3,979.8000000000001
85,1,309.91
9,5,1319.45
133,4,1573.1299999999999
7,6,1241.88
8,3,466.04
297,2,287.38
66,11,1880.22
58,1,357.15
331,1,120.0
0,10,4829.4800000000005
294,2,354.82
39,5,613.84
94,2,730.37
45,12,5400.461
16,1,350.99
128,2,363.40000000000003
67,1,601.03
181,4,-1441.6
126,6,1449.08
15,4,2854.73
23,22,18377.27
106,3,824.28
58,1,322.93
7,6,1141.89
99,2,843.17
63,1,40.56
336,2,-19.9
105,1,354.85
70,2,261.68
44,1,101.86
197,2,482.85
321,1,256.6
30,6,1189.3799999999999
35,8,909.93
46,10,367.4699999999999
44,1,205.83
155,2,191.86
43,1,245.15
2,12,4115.32
98,4,628.4399999999999
288,1,704.4
148,5,1248.63
34,7,3800.89
48,8,1901.48
15,13,3971.1
37,13,4068.57
3,7,2127.77
42,1,375.34
73,6,2161.36
48,3,448.45
10,39,39626.87
0,25,9972.42
44,5,1324.19
65,3,742.9000000000001
42,2,277.94
14,3,1326.71
13,4,1058.0800000000002
8,6,2067.36
184,5,-849.45
48,2,1428.28
67,1,492.1
202,1,206.19
13,5,1478.7
259,1,-302.31
48,2,101.9
168,3,711.74
57,6,1355.34
95,1,158.02
59,2,476.95000000000005
181,4,861.01
63,3,667.83
62,6,384.3
44,2,701.61
204,1,245.48000000000002
98,2,757.13
17,5,1583.28
65,3,-445.06
10,14,4806.78
258,1,200.63
16,2,1077.2
60,5,1753.52
366,1,-658.63
171,1,339.88
63,1,310.75
55,11,2277.09
67,3,235.03
56,4,1079.66
2,14,2443.77
60,3,1294.17
371,1,82.6
15,2,689.1
45,2,285.9
0,3,840.0500000000001
24,3,384.29999999999995
213,1,214.70999999999998
37,2,227.47000000000003
29,2,634.68
160,1,136.0
277,2,469.13
85,9,1092.13
78,3,830.1800000000001
176,1,108.0
85,2,871.26
318,1,215.46
256,1,131.25
28,2,917.06
238,2,-99.72999999999999
86,1,423.26
25,2,572.19
135,1,58.5
1,12,3417.26
59,6,821.35
7,7,1715.01
211,1,135.6
67,1,266.4
199,1,93.8
7,13,4619.3
6,6,1591.74
36,2,707.79
29,9,2093.21
35,3,1143.3
59,11,2663.42
287,1,285.6
218,4,396.45
4,9,1344.64
21,1,195.0
106,4,1503.2400000000002
3,6,1545.44
11,2,1531.63
59,1,656.16
45,3,643.47
9,1,902.35
14,14,6036.77
22,1,524.65
17,1,202.85
31,5,1241.85
147,5,1643.51
9,15,5937.28
59,3,649.76
62,5,635.89
28,11,7185.07
129,2,900.1800000000001
38,1,516.28
146,5,956.4000000000001
14,3,2143.84
100,1,280.7
136,1,90.42
188,1,182.64000000000001
0,6,850.84
78,4,6781.8
0,11,4169.15
0,10,2816.45
49,7,3727.4
3,4,950.7
91,1,120.44
90,1,221.65
21,1,189.93
35,1,548.5
7,5,1555.4
14,4,645.19
24,16,2571.6
30,2,399.9
11,6,970.7
67,5,584.37
15,1,228.07
168,2,3501.221
31,8,536.26
17,11,4557.95
67,1,262.24
134,1,256.95
203,2,111.0
63,8,2887.4100000000003
7,7,2374.5
24,8,1606.98
368,1,204.24
51,4,2093.46
65,1,250.85
226,2,400.95
324,1,266.05
214,1,711.23
43,1,225.3
71,5,652.8
17,4,1276.66
0,3,982.86
37,4,1016.22
42,4,1272.01
14,8,2118.25
371,1,120.0
36,3,749.0600000000001
146,2,175.5
3,3,213.14000000000001
72,3,1111.55
41,2,1273.47
7,1,127.2
65,10,1574.3600000000001
25,7,2630.92
36,2,261.9
282,2,42.5
8,9,2107.07
308,1,221.69
36,5,1943.51
9,7,1275.0
39,16,5823.55
4,3,1256.6000000000001
9,7,1751.92
11,4,536.02
169,1,110.95
10,4,964.55
18,5,940.69
71,3,332.42
71,7,3385.59
22,9,1616.81
151,1,151.17
318,2,203.14
112,2,167.65
230,4,773.8800000000001
44,4,1066.03
63,8,3810.64
24,1,258.65
0,108,18036.76
31,13,3106.51
114,1,376.34
46,8,2900.18
42,6,1372.5
32,13,1677.37
30,7,2983.39
241,2,279.89
165,3,982.59
14,9,2747.08
51,6,1038.03
15,29,8989.54
105,1,934.23
309,1,349.25
11,11,2505.11
119,7,1888.49
55,3,624.36
23,2,587.69
44,7,670.41
15,2,343.71
46,5,933.83
16,5,1982.3400000000001
231,3,815.69
288,5,614.1
25,1,75.6
14,22,3876.2599999999998
25,8,1631.38
144,2,640.54
62,5,2519.32
108,1,760.1
52,3,2660.0
59,2,909.5
87,3,369.94
78,1,395.69
60,1,160.0
52,5,2709.59
7,5,925.3
367,1,143.70000000000002
123,1,420.22
7,1,35.400000000000006
29,3,504.44
67,1,105.56
153,1,14.850000000000001
179,1,271.05
18,3,673.33
56,4,705.1
17,4,986.22
213,1,135.39
6,1,39.75
59,28,2871.04
32,15,2951.54
8,1,255.0
88,2,423.85
261,1,222.22000000000003
14,4,1318.3899999999999
204,2,1.7763568394002505e-15
25,2,457.89
28,1,471.84000000000003
291,1,205.35999999999999
268,1,143.85999999999999
9,4,921.5600000000001
1,135,18158.22
102,10,7389.96
14,8,1488.29
23,7,764.64
30,2,24.35
74,3,599.38
50,1,877.7
315,1,76.32000000000001
21,1,295.13
29,6,934.26
20,2,121.7
37,2,190.47000000000003
1,6,757.08
176,1,896.8000000000001
141,10,1112.51
15,6,1121.43
50,4,588.22
7,14,3543.05
30,8,2617.7
14,2,428.25
77,3,1326.04
119,1,338.65
21,4,1016.19
72,7,1971.82
88,1,215.22
312,1,106.67999999999999
43,3,1994.47
44,8,1421.88
252,3,986.08
49,8,1297.01
260,2,243.15
9,87,243853.05
158,1,270.0
38,19,4378.0
16,7,2227.45
223,1,62.5
29,7,1371.77
148,5,1666.41
373,1,246.86
14,7,1899.08
50,3,498.95
64,2,601.97
62,3,635.06
65,2,490.6
62,2,913.95
0,36,12221.46
80,1,111.63
268,4,1957.54
367,1,190.47
184,2,1127.45
150,2,347.59
2,3,1674.41
144,1,173.66
23,1,419.22
20,8,5742.25
227,1,184.91
206,2,386.44
6,5,1272.95
6,65,27828.56
22,3,376.20000000000005
63,4,1462.81
223,1,146.56
25,1,228.52
211,13,4241.16
49,6,844.58
35,2,773.6800000000001
8,8,2056.3
27,2,422.63
15,8,1123.59
60,7,966.96
252,1,244.31
154,4,1466.72
0,3,687.7
70,3,593.47
50,2,880.96
77,6,1961.02
0,15,3410.44
59,2,258.96
253,1,367.54
70,2,139.2
3,3,1085.91
14,13,3955.34
14,9,1300.31
53,1,411.0
0,14,2708.21
35,6,736.21
77,4,958.0699999999999
79,1,235.77
368,2,72.8
45,1,226.42
14,1,109.07
112,2,309.1
6,7,927.89
225,1,341.9
29,4,546.76
289,1,116.5
181,3,22.55
48,1,190.58
8,3,586.24
27,14,2761.1800000000003
2,4,6579.26
51,5,1045.47
23,25,6102.02
120,2,374.05
35,1,2389.62
162,3,473.7
2,21,8370.47
44,9,2645.65
7,2,497.25
70,1,579.85
227,1,50.48
1,9,2732.49
136,11,1303.9
41,4,593.5
3,12,1360.46
114,1,310.15
371,1,112.03
319,2,126.45
95,1,306.36
52,5,905.68
16,18,4886.07
9,3,1874.5
31,3,1380.9099999999999
79,1,192.02
261,1,117.05000000000001
367,1,-9.95
0,9,4008.91
109,1,382.81
25,11,5055.07
102,7,2748.4700000000003
240,3,579.92
223,2,125.7
163,1,241.45
7,1,406.56
21,6,1143.44
35,2,256.71
55,1,-530.31
290,2,305.35
24,1,159.94
185,1,90.96
106,1,110.65
231,1,476.88
9,6,1781.56
241,1,303.63
170,1,396.91
28,4,617.04
1,14,2849.51
142,1,300.31
16,6,541.37
372,1,180.45
4,8,3160.05
65,6,-1502.98
39,3,536.15
74,1,110.03999999999999
25,2,504.14
256,2,686.76
4,3,446.59
22,1,170.5
233,1,178.85
4,4,888.91
216,1,154.21
15,7,2778.87
93,3,495.76
129,2,184.34
15,5,767.47
1,7,1230.15
120,1,157.70000000000002
14,8,2824.8
3,16,2659.37
216,2,385.2
300,1,0.0
23,11,7663.7
7,4,995.29
209,7,1623.97
265,3,-274.63
133,1,94.8
42,1,485.86
162,3,293.09999999999997
72,7,1804.6200000000001
58,2,769.9200000000001
53,3,915.28
162,2,277.36
9,8,3867.2400000000002
71,1,211.79999999999998
65,8,3498.62
234,1,150.0
58,2,406.79999999999995
35,3,1011.2
39,1,310.56
8,25,7638.16
2,8,1274.01
265,1,318.06
59,15,3272.19
49,4,888.3199999999999
25,6,1552.28
109,5,5874.65
77,7,2413.281
140,1,180.75
189,1,351.9
15,13,1192.61
366,1,-48.75
7,3,77.52000000000001
1,8,6460.32
3,16,2200.13
15,4,1230.42
15,6,2033.0
35,8,1467.3500000000001
128,5,726.89
115,4,802.6800000000001
268,1,334.45
170,1,116.18
70,2,1392.83
156,2,256.7
53,2,425.85
11,19,2307.39
319,1,185.06
25,13,2755.35
304,1,120.6
62,3,730.8
253,2,691.6
51,2,552.35
325,1,202.35000000000002
202,4,544.41
78,4,756.46
18,24,13468.56
0,9,1515.75
37,5,1734.3600000000001
0,12,2119.39
30,1,1331.38
157,1,13.919999999999998
1,6,853.81
30,3,686.16
43,2,605.05
9,7,1339.79
80,3,-66.98
2,14,2615.84
98,1,104.10000000000001
63,5,1380.98
0,270,137710.76
18,8,-92.94000000000011
23,4,2845.7
240,1,-5.85
10,10,1493.8200000000002
66,6,1623.3700000000001
231,2,1123.75
39,7,4345.66
174,1,359.35
200,1,629.4
28,2,843.74
245,2,620.96
366,1,-7.95
16,3,337.65
31,1,308.2
254,2,204.46
56,1,612.8100000000001
56,6,2763.78
0,2,666.13
78,5,885.0
13,6,555.26
254,1,1065.12
25,5,4261.04
137,4,2289.43
265,1,-934.66
52,2,531.49
213,1,182.1
36,5,706.56
298,1,107.62
24,10,3831.97
48,1,179.4
23,4,758.97
94,6,498.55
1,29,9331.46
53,4,677.25
338,1,167.27
367,1,163.77
56,1,1325.0
279,1,203.2
230,3,458.26
14,16,9322.32
174,3,240.21000000000004
14,8,1645.3799999999999
22,5,881.24
76,6,1216.72
93,1,353.65
338,1,906.23
44,12,2001.34
16,1,30.300000000000004
56,1,192.45
360,1,31.929999999999996
65,7,1155.02
370,1,429.66
372,1,150.68
28,2,211.39999999999998
207,1,237.78
324,1,183.20000000000002
23,4,1058.1399999999999
11,2,563.1
0,8,1305.85
15,6,1704.11
296,1,342.4
247,2,304.17
65,1,314.67
77,1,210.5
198,1,36.13
17,8,872.42
116,2,442.28999999999996
290,1,230.4
63,2,338.31
227,1,129.48000000000002
29,2,199.10999999999999
2,6,3127.9700000000003
108,7,1022.03
1,42,7474.86
88,1,277.4
115,2,360.0
30,2,416.6
8,2,429.78
122,10,1610.82
136,20,2265.77
28,5,442.85
2,1,111.25
14,1,198.47
1,7,775.21
312,1,281.05
4,12,5248.75
2,8,2414.18
203,1,617.83
10,2,579.89
15,7,1922.09
3,3,521.78
253,2,362.15
15,7,1446.38
29,12,2150.54
1,7,8821.55
21,6,3957.04
11,2,397.76
4,4,579.67
3,56,19799.86
176,1,7.49
79,1,109.47
230,1,179.52
98,5,2333.3199999999997
14,25,8097.47
58,12,2454.12
3,1,98.7
56,2,2349.5
14,7,2528.55
109,3,549.12
155,1,113.64999999999999
78,4,1695.06
11,6,1252.19
11,16,2069.43
2,90,82162.74
58,4,1597.76
45,4,1254.41
45,1,168.73
48,3,2105.37
53,2,621.54
7,3,737.0500000000001
21,2,473.49
114,1,187.51999999999998
35,5,1744.61
64,2,817.46
127,4,544.99
91,4,2423.88
3,28,7953.17
0,13,2793.09
62,2,546.25
2,8,1460.92
303,1,93.35000000000001
14,2,965.2
364,1,347.54
199,2,218.53
106,4,546.15
83,2,315.35
7,26,9247.74
98,2,83.0
55,6,1771.04
218,4,338.97
1,11,1684.3999999999999
70,8,993.46
165,2,554.67
65,2,795.98
7,5,608.6
214,2,498.15000000000003
38,2,509.75
7,3,1163.39
246,1,209.4
18,2,639.56
352,2,187.99
83,3,934.19
57,10,2839.09
56,3,2456.86
111,2,266.63
114,13,5007.28
171,2,449.49
154,1,304.97
65,1,312.68
20,12,3412.78
29,1,80.28
17,2,824.48
16,2,208.3
191,1,166.63
155,5,747.55
20,2,486.59000000000003
77,1,889.44
92,9,1378.31
45,6,2110.23
67,1,304.18
14,15,5476.47
211,4,1033.81
91,3,3686.61
58,2,2085.61
330,2,513.73
113,2,1089.44
18,1,383.96999999999997
204,2,718.04
35,2,36.25999999999999
30,4,3475.7200000000003
9,3,431.11
23,1,119.92
363,2,241.5
15,7,1186.63
8,1,487.75
102,1,167.16
42,4,1468.82
17,2,569.22
41,1,81.15
15,8,1399.26
45,1,345.71
231,2,985.09
60,1,948.93
27,10,5240.62
2,3,816.9300000000001
0,4,268.16999999999996
15,12,2319.902
182,4,637.03
22,2,283.19
109,3,991.7900000000001
360,1,310.43
16,5,1298.99
69,1,834.4399999999999
98,3,588.05
0,3,937.07
3,18,4666.51
67,2,313.7
23,5,771.4
42,4,365.81
9,6,1853.7
129,1,549.05
71,3,598.0600000000001
55,8,-2570.1800000000003
25,9,2572.38
44,5,653.77
58,1,100.4
365,1,178.98000000000002
13,2,845.01
0,1,383.07
11,1,106.47999999999999
28,5,880.47
253,1,389.49
198,1,426.24
24,14,5651.37
283,1,379.7
1,7,1702.0
107,16,2830.66
244,3,662.2
147,5,526.78
31,4,1269.0900000000001
63,2,2193.56
221,1,160.5
231,2,228.35999999999999
36,1,59.400000000000006
4,6,690.3000000000001
6,14,2629.43
65,3,1293.72
57,1,302.04
70,1,610.6
295,2,218.61
37,5,2095.0
190,1,266.25
99,3,611.11
46,4,1865.03
65,6,2489.79
275,1,60.0
49,16,9768.49
52,5,1312.28
34,6,1117.99
181,3,773.04
31,10,2756.52
196,1,71.95
49,1,368.75
147,4,1182.3799999999999
7,24,7317.61
16,3,1253.18
15,2,239.87
114,2,450.46000000000004
239,2,1839.52
14,5,722.4
113,4,941.2500000000001
15,2,816.56
23,22,4942.99
0,11,2097.95
85,4,1309.01
234,1,228.96
29,4,472.67
60,1,220.44
196,4,496.15999999999997
0,6,1264.33
123,2,284.4
13,10,6077.67
205,1,348.59
25,4,135.43
135,1,24.75
42,1,94.92
14,3,369.34000000000003
0,6,1574.51
56,3,635.61
28,9,2551.81
8,34,8854.73
300,1,247.5
35,2,222.3
289,1,207.04
48,10,6593.82
1,16,4581.93
7,7,3456.5299999999997
3,6,2533.09
357,2,291.05
200,3,604.76
3,2,225.15
190,1,93.6
135,7,2306.63
245,10,715.53
113,1,1634.64
0,158,54033.21
18,9,1995.39
31,3,472.67999999999995
312,2,112.05000000000001
52,14,3909.92
111,1,711.18
168,4,320.9
336,1,140.22000000000003
30,8,1434.52
231,9,1218.1100000000001
42,1,107.24
0,16,1711.98
134,4,755.41
1,6,4892.68
36,1,240.5
37,2,344.72
312,1,277.93
56,8,1069.7
196,1,105.5
84,2,380.5
52,3,339.23
1,6,1132.3
8,2,547.6
4,7,1745.09
183,1,111.15
2,7,2314.1
233,7,-94.8
3,4,664.66
317,1,-36.75
0,28,8602.55
189,9,162.6
161,3,270.15000000000003
83,2,613.08
7,2,678.11
38,6,2242.81
44,5,1786.57
53,8,3138.04
29,1,275.8
9,12,3305.88
45,1,1352.96
297,1,59.400000000000006
85,9,3947.02
6,6,1002.9300000000001
259,1,139.32
325,1,60.959999999999994
17,5,1179.95
97,2,246.5
35,1,1174.55
0,8,1739.8400000000001
58,4,1290.77
9,12,7718.64
317,1,-10.5
7,3,1378.73
27,2,625.2
127,1,468.65
35,4,2233.8
31,2,1216.66
205,2,282.92
9,3,1376.0900000000001
202,3,659.48
30,9,3067.86
218,1,508.20000000000005
55,3,586.1
87,2,216.95000000000002
22,5,1189.87
126,2,170.88
10,1,257.06
211,1,310.74
88,2,465.15999999999997
336,2,117.2
203,2,1234.88
65,7,-2531.3799999999997
113,4,580.28
60,2,449.42
69,6,743.0
20,6,2854.98
14,6,1517.32
216,3,175.64
98,1,214.44
35,4,1941.1200000000001
3,6,1129.9
22,3,668.97
102,3,903.75
137,1,153.24
162,3,130.07
9,7,1519.63
275,1,193.29000000000002
39,4,1269.05
31,3,1254.21
109,8,1865.6
225,1,171.0
11,5,391.65
162,5,329.76
309,1,294.17
69,2,226.86
25,3,1256.63
253,1,126.89
232,1,38.25
38,7,1656.93
37,1,208.79999999999998
52,2,202.82999999999998
95,3,391.29999999999995
80,1,502.45
4,16,5261.63
24,3,1225.93
20,2,949.02
62,2,329.90000000000003
210,1,63.419999999999995
15,2,837.53
79,1,274.8
230,1,150.35
15,5,2180.28
284,1,368.4
210,1,583.56
368,1,147.4
100,6,2686.75
36,1,1993.34
21,8,1539.1099999999997
20,6,592.56
175,2,1061.69
8,6,3039.01
162,1,102.0
314,1,231.32
91,4,340.6
35,8,1237.3300000000002
65,2,181.35
24,4,2168.27
113,4,2412.92
14,1,246.5
266,1,146.14000000000001
9,8,7383.76
1,23,11374.35
358,1,158.65
39,2,399.95
3,10,3071.87
361,1,116.26
155,4,339.92
16,3,1058.25
15,1,152.41
25,2,210.58
0,21,12744.37
14,7,2368.34
22,1,171.81
14,10,2183.84
18,2,344.61
35,11,4091.34
23,17,16707.23
241,1,151.4
8,2,430.78
29,21,2673.46
1,2,1116.72
147,1,311.37
11,6,2174.12
360,1,162.25
0,4,515.97
44,1,259.09
172,11,3036.1
10,1,247.38
147,4,833.16
94,1,114.4
7,16,4591.61
6,1,135.32999999999998
241,3,539.5500000000001
11,14,5132.95
230,1,158.09
56,5,652.7
13,10,1412.22
29,8,1192.95
258,1,162.4
0,28,6946.53
274,2,131.88
203,1,1109.4
32,2,153.52
18,4,1133.8
59,2,536.88
140,4,1453.98
98,2,70.74000000000001
27,2,227.87
25,5,2207.74
4,15,5096.82
21,10,3241.92
15,3,1431.78
253,3,597.23
7,4,732.84
254,1,30.1
358,2,137.15
18,5,887.78
11,14,1216.15
1,30,2333.36
11,1,95.96
34,2,547.34
226,4,1128.66
27,3,608.4000000000001
312,1,579.6
17,5,1496.6
217,3,217.9
122,1,357.6
0,8,1680.25
210,1,238.8
62,1,307.34
80,1,488.32
63,5,1178.71
7,19,8173.860000000001
3,11,1892.3400000000001
268,2,26.25
8,6,735.1700000000001
25,8,2310.83
178,12,1473.81
50,1,692.3
9,17,1289.98
245,1,433.71999999999997
63,7,3008.86
25,27,10922.03
73,1,317.11
31,3,828.5500000000001
35,2,385.53000000000003
59,14,4093.55
28,7,2136.02
11,6,1698.69
44,2,373.57
92,2,566.9
1,12,2737.7200000000003
85,4,2240.9
279,1,295.05
277,1,596.67
144,18,4156.91
18,1,311.1
30,1,100.35
72,2,719.82
48,4,574.23
13,8,2231.2
84,4,603.01
7,18,11372.07
31,8,3458.35
364,1,105.78000000000002
37,3,430.56
7,3,526.97
50,1,169.0
2,3,1354.35
150,3,539.03
55,2,612.76
22,5,1059.7
7,6,1311.44
21,2,226.04
0,7,1212.13
14,6,906.15
296,2,283.73
63,5,853.72
46,3,1764.86
107,2,632.9399999999999
182,2,142.15
360,1,45.300000000000004
86,6,3473.14
52,10,4473.83
39,1,218.35
56,2,648.4
30,2,1473.24
1,10,3130.8
14,10,1533.84
234,3,316.99
108,1,330.79
182,6,147.8
85,1,55.980000000000004
55,1,90.0
53,1,190.57
252,1,266.93
29,4,375.0
294,1,37.5
0,16,4142.86
232,2,721.06
56,9,1113.01
324,1,246.75
259,1,46.2
111,2,140.39000000000001
128,4,1367.26
4,5,948.97
224,1,194.6
52,1,898.87
191,2,420.25
14,8,2395.1
1,4,639.24
88,3,453.93
190,5,658.02
4,8,1913.55
56,4,456.70000000000005
175,1,293.79
16,25,5090.45
185,1,140.49
80,9,2926.09
46,3,740.0
28,2,87.5
25,1,321.91
22,8,4212.65
14,2,544.6
28,3,92.7
14,3,599.8
188,1,125.3
7,11,1343.4
71,2,923.85
56,1,327.68
65,3,1668.67
0,28,8553.35
93,2,208.62
254,1,156.87
10,7,1551.22
84,2,465.45000000000005
0,18,4240.071
95,14,1318.84
7,3,1557.96
128,8,2546.19
14,12,3618.07
21,4,2225.94
83,7,557.94
265,5,-5795.87
77,1,143.05
69,4,1207.81
301,1,370.63
79,3,484.6
276,2,-242.70000000000002
111,32,14685.43
6,23,32445.66
247,1,321.45
239,3,1006.54
53,1,280.88
44,1,138.84
44,6,1011.8000000000001
266,1,45.6
31,4,710.55
66,1,307.95
98,2,124.08000000000001
65,2,1391.71
102,2,848.3299999999999
9,18,3521.58
45,4,3558.65
135,2,215.53
66,6,1580.71
141,6,1937.35
34,2,933.84
13,5,1433.96
371,2,777.0
65,7,1369.8600000000001
9,12,2352.09
216,2,613.6800000000001
127,3,1535.37
53,1,537.1999999999999
88,5,530.18
80,3,1513.84
20,20,4256.75
43,3,903.67
4,20,14350.93
90,3,463.67
21,6,1579.3700000000001
0,2,1557.38
70,8,3385.03
28,2,689.11
177,3,93.3
55,3,2766.4
223,1,340.5
66,7,2005.83
128,6,892.4399999999999
7,5,3874.62
88,2,890.94
198,2,933.77
7,24,1789.48
10,1,1108.82
372,1,80.4
7,4,1515.39
120,1,385.03000000000003
2,19,40053.35
21,6,1507.4
23,3,528.75
171,4,622.78
20,1,107.01
63,3,433.3
256,1,137.99
231,1,-5876.34
11,4,771.87
161,1,109.73
161,1,96.55
11,9,2609.16
111,1,340.48
0,28,17514.63
65,1,273.48
2,11,2466.27
67,1,438.46
3,10,1498.8
91,6,1203.48
8,10,2033.64
252,3,286.26
16,1,244.44000000000003
48,2,1346.29
4,20,5150.56
218,1,94.53
261,1,171.47
31,3,506.02
72,1,33.099999999999994
13,2,413.0
127,5,138.23999999999998
22,16,6804.33
281,1,108.52
44,2,1449.1399999999999
196,2,330.77
39,4,1137.8
4,2,299.03
3,8,953.5500000000001
67,3,238.65000000000003
18,17,1358.22
51,3,871.78
41,3,1027.15
35,2,260.85
4,8,1269.15
29,5,535.65
304,1,128.2
116,1,305.28000000000003
4,1,151.44
259,1,-1899.67
2,25,4071.51
3,1,56.25
48,4,539.39
86,6,317.0
15,1,145.01
13,7,3733.48
178,1,114.69
9,4,920.65
125,2,758.62
35,7,1432.29
83,10,1399.45
71,7,810.08
169,1,6.300000000000001
13,2,205.99
36,1,364.45
1,10,1762.18
241,4,407.07
266,1,248.65
3,1,214.07999999999998
59,5,401.64
31,3,452.23
7,2,363.6
7,1,127.08
366,1,102.82
177,1,134.44
282,1,106.54
291,1,293.53
279,1,594.0
63,1,239.9
52,2,2190.66
366,1,-308.82
14,2,282.79
91,4,330.23
9,1,2945.38
44,1,-31.8
148,2,230.6
284,2,271.28999999999996
28,3,1839.1399999999999
0,4,646.27
137,3,2304.18
59,1,553.85
10,8,5194.25
16,1,304.95
4,12,1870.8
224,1,190.75
7,10,4232.8
186,2,617.6
55,2,492.36
38,3,357.77
317,3,542.89
9,5,394.0
14,1,451.28999999999996
84,1,289.48
298,1,269.21000000000004
2,11,2105.51
79,2,399.58
14,11,2545.92
23,1,404.55
60,2,460.95
233,1,703.22
20,8,730.5800000000002
91,5,1769.33
1,3,680.62
45,4,1266.77
58,4,2173.84
237,1,329.22
99,6,4097.42
30,19,5859.59
240,1,324.51
0,6,2458.9
3,22,5667.59
71,5,1572.8600000000001
16,1,186.3
3,2,216.7
186,2,582.11
10,2,368.31
129,5,1205.64
169,1,150.55
31,2,854.61
46,4,758.07
49,1,694.54
1,2,617.07
252,1,-23.4
28,15,5111.7699999999995
370,1,20.4
16,2,519.06
260,1,169.21
16,5,2878.46
109,5,2146.39
10,7,1754.33
22,1,231.42
18,3,1359.25
17,12,4860.35
11,9,1300.51
1,15,2472.55
36,2,1563.3
6,42,19116.67
43,2,453.45
1,6,967.46
52,4,1333.7
31,2,289.23
16,25,13053.22
30,2,487.03
46,2,232.96
92,11,947.72
230,1,82.2
7,52,40808.3
91,6,1965.72
4,10,1930.68
29,4,470.67
195,1,217.73
59,2,1797.92
175,4,634.42
58,3,449.65
65,5,1070.15
0,6,1005.63
14,4,1082.6000000000001
70,1,340.84000000000003
51,5,1846.33
197,1,235.78
317,1,107.14
8,5,812.84
10,3,777.34
18,2,162.8
316,1,188.44
48,6,2094.19
53,6,1306.78
66,7,1061.85
41,1,62.7
2,7,1718.66
35,3,541.95
55,2,74.9
14,4,1709.83
360,1,109.31
0,10,1975.13
197,6,2900.01
228,1,115.73
52,1,457.7
162,3,750.5600000000001
63,3,3595.77
25,1,252.5
137,3,726.98
209,2,600.0
304,1,283.79
20,3,296.3
1,4,1637.14
305,1,106.75
17,2,1033.8
15,8,1353.72
2,6,1743.6
24,5,1739.92
210,2,1437.43
21,2,263.49
259,1,180.56
139,5,736.13
10,13,2557.33
91,1,447.05
51,3,1264.3500000000001
8,8,2435.67
52,5,836.35
97,1,582.64
69,4,1921.46
24,21,4573.12
53,10,2213.0
73,4,2049.23
65,6,1355.83
282,2,311.7
157,1,460.64
63,1,549.33
32,4,892.92
37,3,417.84
28,5,4255.43
29,6,1297.45
57,2,1658.3700000000001
15,4,575.48
1,3,316.92
53,4,1522.24
2,14,4292.35
14,11,8356.83
361,1,145.06
15,9,1868.18
42,3,1396.05
57,4,987.48
10,9,6359.73
179,2,664.1999999999999
11,32,7923.22
58,4,1516.3
218,1,301.9
277,2,211.7
315,1,422.7
3,4,902.4
357,2,475.74
6,2,832.4200000000001
52,1,335.54
4,10,2447.04
20,11,2951.62
83,1,212.25
35,6,1992.02
71,3,294.05
64,1,141.70000000000002
7,11,2248.62
233,1,-4217.59
45,8,3213.28
317,1,-10.5
16,6,781.05
17,13,2928.77
157,10,611.32
87,4,882.09
3,33,7050.34
0,12,1822.03
140,1,79.9
63,4,327.48
49,6,1149.8700000000001
4,46,6768.48
30,18,4933.25
108,3,744.34
126,4,1237.2
106,3,798.85
56,7,1964.04
69,11,1809.66
36,1,414.7
113,6,5952.79
73,5,3354.0
29,3,739.1
199,1,115.31
7,18,4991.97
42,2,95.85000000000001
29,7,2508.4700000000003
10,15,10238.6
370,1,351.3
45,1,315.98
10,1,308.59999999999997
358,1,323.25
123,1,93.3
104,9,2016.71
72,1,629.36
27,7,942.75
17,11,4525.73
50,1,248.65
52,10,2101.77
7,3,521.64
15,3,529.53
31,3,1062.48
22,10,2047.8600000000001
29,8,2776.19
17,4,1884.16
3,21,17217.760000000002
56,2,543.5699999999999
253,2,603.37
70,1,975.5
8,12,1288.73
135,1,40.8
363,1,-10.17
2,8,1319.3
356,1,498.5
9,2,1087.05
22,1,321.24
37,13,1717.49
13,2,417.05
114,4,640.5
9,4,881.0600000000001
16,5,1824.76
14,4,1074.47
55,5,1708.79
1,8,1396.58
108,4,312.78
10,5,1132.2
72,1,136.65
57,1,63.66
17,4,1078.0
4,4,1680.2
16,10,3795.59
7,1,1056.63
94,2,821.35
8,2,401.94
147,1,128.31
1,2,2.6645352591003757e-15
55,6,3573.34
13,3,967.44
0,10,2222.54
128,2,876.9399999999999
22,11,6630.01
45,3,340.94
21,2,312.62
13,2,709.4300000000001
58,1,348.16
73,2,823.53
21,4,1470.47
58,7,896.06
226,1,186.66
63,2,714.59
92,5,1993.18
283,2,318.34000000000003
8,1,351.75
109,2,1591.24
114,2,1818.79
368,1,188.69
112,4,518.76
20,6,4195.5
360,1,238.05
57,3,1354.46
122,2,1139.28
53,5,2726.36
28,1,205.8
281,1,176.9
112,4,263.65
11,4,864.48
105,1,129.85
97,2,98.81
99,4,1957.7
317,1,117.72
10,7,890.56
2,8,2395.46
111,1,126.05000000000001
261,6,1245.97
32,6,481.8
107,2,178.65
65,3,1367.32
371,1,107.33
27,5,2517.89
329,1,381.66
2,2,560.55
64,3,1194.92
41,3,2560.0
49,2,460.08
67,1,171.15
24,3,1491.4
171,1,176.34
15,7,2777.75
185,3,838.11
88,6,3390.39
261,3,34.8
212,1,146.16
58,12,2953.3
18,11,1587.03
4,15,6849.15
198,1,310.83
62,4,1664.92
59,4,373.46999999999997
67,6,2037.7
66,5,406.77
127,1,263.73
186,8,2726.52
55,4,3517.69
74,2,961.93
72,4,1872.91
42,1,285.54
144,3,741.3199999999999
118,1,613.33
20,1,224.51
23,11,2568.11
65,1,328.77
0,8,1106.02
46,17,3125.23
4,19,3310.2200000000003
14,3,723.66
9,2,349.2
11,3,204.10000000000002
16,1,209.49
29,1,892.1500000000001
11,8,919.03
65,2,189.67
2,8,1756.3799999999999
217,3,1220.83
18,1,549.8100000000001
70,1,141.53
71,4,1111.15
83,1,157.2
37,4,904.58
17,2,309.49
37,3,1256.67
105,2,104.0
252,1,632.28
30,2,247.85
43,2,353.1
31,7,2188.93
64,2,774.4499999999999
1,3,473.69
22,1,765.59
30,4,788.1
288,1,186.05
171,3,467.5
35,4,1052.26
48,2,538.81
4,11,2441.61
28,12,1957.45
108,3,102.69999999999999
263,1,123.13
24,1,222.20000000000002
30,8,2755.92
14,19,2567.75
4,1,205.65
367,1,-12.75
85,3,355.31
24,4,681.97
226,1,231.93
15,7,3629.76
369,1,130.32
4,3,673.24
28,4,457.2
10,1,259.83
66,3,424.96000000000004
218,2,496.49
25,6,1906.48
127,1,35.7
43,2,397.62
212,2,504.99
31,1,75.0
11,3,526.27
4,72,27242.45
17,1,309.5
48,3,638.49
16,6,817.09
43,1,200.26
81,6,1147.19
147,3,1003.0699999999999
303,4,231.84
16,2,301.25
357,1,310.70000000000005
128,1,216.3
52,4,626.98
239,2,282.68
155,1,162.24
25,15,2912.91
21,3,352.65
66,1,-9.0
225,2,471.19
106,1,178.13
219,3,1163.81
196,3,742.4300000000001
265,2,332.17
165,2,251.71
66,5,10.05
6,8,2458.04
8,10,3952.66
10,12,2208.15
364,1,71.78999999999999
225,2,1402.91
48,3,726.34
18,9,2046.13
143,8,2862.4
105,2,712.62
149,1,178.48000000000002
31,7,1664.08
27,5,962.23
69,2,789.6
9,1,154.72
52,3,337.0
6,5,1825.56
294,3,428.23
67,6,1766.54
172,1,134.36
212,2,209.4
15,2,303.7
65,2,179.16000000000003
35,2,792.81
175,1,385.56
79,3,780.46
66,3,731.25
48,17,3729.59
0,9,2172.64
9,4,435.09999999999997
18,1,1191.23
255,2,258.55
28,8,2176.46
207,1,142.71
265,1,240.95
7,6,1777.5
32,3,842.16
363,1,-33.9
265,1,-134.86
14,5,1554.92
56,3,457.35
0,3,327.68
0,5,1420.82
50,3,1140.11
70,2,433.36
24,11,2464.87
81,2,306.19
1,26,11435.27
219,1,426.85
59,1,1004.88
112,3,1531.55
303,1,48.349999999999994
16,5,1018.99
66,2,2007.84
277,1,635.9
20,2,378.28999999999996
276,1,23.35
176,3,395.07
8,7,2343.2
49,1,205.75
370,2,419.78
36,1,137.7
218,2,277.80999999999995
154,6,110.3
10,1,350.52
7,6,3933.29
181,1,104.25999999999999
234,1,30.15
32,27,8724.35
3,22,6836.18
58,4,1315.0
8,1,95.29
1,23,10831.3
15,11,1765.62
136,8,5.329070518200751e-15
10,17,4296.44
1,24,5461.92
32,1,175.0
32,7,2194.2200000000003
111,1,223.85999999999999
35,6,3324.62
204,1,87.8
41,4,526.75
62,2,1020.9000000000001
266,4,1331.03
14,16,3218.87
20,12,2739.83
58,2,850.34
317,1,-10.49
44,5,513.1700000000001
301,1,380.0
261,1,156.6
0,2,264.45
363,1,-5.0
8,2,297.95
63,4,2169.94
228,2,341.59
79,2,998.83
21,4,1361.28
85,1,153.12
16,3,563.6
10,15,3551.18
25,6,721.21
11,4,1397.59
1,3,329.48
20,1,172.8
9,10,1280.04
25,2,434.3
20,3,216.9
183,3,326.25
359,1,60.48
39,2,357.66
34,13,2336.5099999999998
88,2,1286.6200000000001
38,5,1655.64
9,6,2055.82
37,2,673.6
203,2,264.5
18,3,1712.1200000000001
24,4,1579.97
177,2,205.6
36,4,873.04
57,5,1318.0
42,2,130.05
42,2,104.30000000000001
116,8,1867.02
120,2,406.4
7,9,1145.2
41,1,473.0
73,4,3802.04
3,6,749.8100000000001
44,1,490.47
32,1,179.4
336,1,323.40000000000003
23,2,371.63
52,2,428.05
370,1,160.39
78,2,675.05
77,2,327.84
90,2,382.14
155,1,306.58000000000004
55,6,1397.69
221,1,136.2
39,13,10658.57
3,5,1110.2
46,8,2598.64
55,23,7739.4800000000005
3,9,573.48
57,3,611.9000000000001
175,5,788.3100000000001
29,1,151.05
364,1,165.0
204,1,109.2
256,1,98.73
22,7,555.7
261,1,-1144.73
28,16,3764.2000000000003
314,1,171.13
76,2,608.86
37,2,769.78
28,3,849.77
1,3,663.31
163,2,637.75
276,1,151.5
164,2,309.35
14,34,75610.17
24,9,1921.19
25,1,157.63
28,2,127.45
53,2,178.83
43,2,638.6999999999999
46,3,701.62
358,1,98.30000000000001
196,2,191.9
15,8,964.9
1,15,4044.06
58,16,4464.32
50,5,1100.8799999999999
366,1,-15.0
253,2,664.16
23,32,28707.011
35,4,533.41
14,9,6026.14
3,14,3811.03
14,5,1100.45
36,2,621.5600000000001
1,22,7521.96
294,3,343.18
197,1,323.8
265,1,1248.48
1,12,3031.6
4,5,3006.08
3,10,2045.88
11,3,403.74
1,12,4256.62
78,2,654.96
39,1,147.35
6,9,1046.69
18,2,705.14
27,3,1121.45
283,1,170.3
31,8,3363.04
164,1,259.68
28,15,3362.8
140,8,2904.51
212,1,417.59999999999997
148,2,459.68
30,1,226.91
260,1,173.06
127,13,2334.97
91,7,1999.02
18,27,11335.44
23,10,2116.39
226,2,4157.88
7,1,207.5
7,35,54558.18
102,5,1382.9
39,8,1048.02
44,1,163.65
65,1,228.0
373,1,352.85
17,1,420.75
53,5,2379.2
18,9,1179.48
113,3,755.51
7,6,1145.73
92,5,1706.99
52,5,2760.1
71,2,249.65
58,4,905.96
2,7,1279.63
50,1,220.97
35,4,1038.81
1,35,22443.260000000002
42,1,174.16
0,3,606.4
0,33,7680.57
71,1,391.95
11,4,784.73
44,1,533.78
28,1,51.839999999999996
32,4,1017.53
39,3,1334.54
15,10,2174.78
18,3,513.08
15,5,856.1999999999999
0,5,2035.21
28,9,1761.02
189,4,830.01
67,3,447.83
314,2,582.61
212,3,630.75
105,5,943.29
67,4,812.74
49,2,510.5
13,4,1737.45
4,16,5781.4400000000005
88,2,406.02
0,7,1147.6
100,2,182.59
16,1,113.35
298,3,144.84
22,7,1877.76
28,1,225.6
13,3,1051.71
28,5,392.13
23,1,316.1
77,4,857.7900000000001
199,1,91.8
63,2,218.45999999999998
74,2,1302.51
309,1,485.5
8,9,1290.66
41,2,530.5
165,3,543.76
4,13,5610.49
238,3,126.71000000000001
63,7,2066.54
57,21,9344.96
197,2,614.34
253,1,253.88
212,2,628.09
253,1,421.45000000000005
11,3,1130.2
366,1,-67.5
52,2,1408.96
52,2,323.09000000000003
77,1,352.8
1,16,4085.7400000000002
51,5,1184.6
87,4,1593.67
3,4,750.72
182,4,662.33
1,2,495.72
69,2,409.25
36,1,130.95
324,1,76.74000000000001
29,3,384.56
104,1,450.15999999999997
62,3,533.11
64,7,7480.72
14,1,209.89000000000001
69,11,2029.73
38,1,136.01
55,2,-140.95999999999998
128,1,321.78
6,19,2091.66
191,2,641.13
20,1,234.19
79,2,0.0
35,2,465.84000000000003
35,3,434.2
32,3,947.98
111,3,285.41
6,7,1202.77
189,2,236.56
1,2,249.89000000000001
137,5,1265.26
73,4,900.63
190,1,103.95
0,4,431.90999999999997
13,2,424.71000000000004
364,1,204.26
15,3,646.25
2,7,1360.31
6,13,1910.87
63,3,851.33
0,5,722.0500000000001
357,2,153.59
262,3,251.35
56,4,1904.93
286,2,310.46999999999997
21,5,921.5
7,3,536.04
267,2,1451.41
57,12,2087.97
3,18,2443.66
46,1,355.45
77,2,255.03
207,1,611.08
10,15,6083.85
175,1,125.65
6,6,1158.66
8,15,1145.53
4,3,629.4
58,2,262.32
24,11,2487.57
18,5,1131.8600000000001
16,3,530.86
20,1,286.39
134,1,196.25
16,5,4283.68
123,3,433.85
85,8,3195.5299999999997
246,1,33.0
174,4,0.0
244,1,101.36
28,16,4185.16
18,6,1199.54
37,9,490.25
64,4,433.75
2,10,2476.03
76,3,628.22
14,12,3952.25
3,6,767.49
70,1,778.49
25,6,1462.38
14,5,538.84
44,1,251.04
368,2,207.85
261,1,71.4
17,2,749.0
21,1,127.0
157,2,365.5
48,5,902.4200000000001
30,4,496.0
301,2,424.55
18,4,978.04
63,1,394.37
175,1,-4620.86
4,5,1748.15
34,14,5824.56
11,15,5084.14
80,9,3015.55
11,5,892.7
14,1,256.55
57,1,165.0
56,1,1041.21
22,9,3858.2400000000002
98,3,1688.15
261,1,-779.32
7,1,-1.25
17,4,616.7
79,1,107.0
31,2,406.3
11,8,2651.23
78,4,1077.82
37,4,828.21
27,2,1012.22
105,3,612.41
27,4,853.49
72,1,230.17000000000002
64,1,81.36
186,1,242.06
282,3,265.8
360,1,360.61
238,2,-3224.76
211,1,552.4
0,18,-486.6999999999997
22,4,1367.6
3,10,2642.33
177,2,935.62
77,6,1182.22
67,1,189.0
52,3,800.18
8,4,1152.87
4,2,54.15
81,3,433.07
216,3,1593.83
17,5,1421.3
13,4,2393.5
76,13,2129.78
32,1,302.65000000000003
42,3,497.25
226,2,180.06
18,1,176.9
50,1,630.77
239,1,1954.99
185,1,13.52
32,3,583.71
10,4,858.47
9,13,10970.17
11,2,488.24
79,4,1264.05
66,3,1188.33
72,5,1127.13
10,14,3999.0
10,6,1162.82
81,3,465.6
80,1,232.85
373,1,128.60000000000002
231,1,294.74
4,6,2488.84
0,4,645.8100000000001
14,12,2155.29
272,2,194.7
361,1,228.34
359,3,454.54
3,28,4587.84
8,9,3063.18
45,1,133.18
14,6,1345.48
260,1,273.35
197,1,203.05
64,6,1402.51
27,3,401.66999999999996
213,1,306.0
14,5,669.91
30,4,660.48
29,4,2728.18
37,8,2629.3
31,2,2249.97
11,26,6162.87
372,1,221.53
21,1,128.45
9,7,1014.09
2,14,3952.79
72,10,3705.73
227,1,235.88
58,1,100.2
59,6,1224.39
15,10,2636.9
0,2,363.66
16,3,591.0699999999999
168,1,582.17
29,3,885.3199999999999
357,1,424.3
58,1,474.03
24,1,481.58
32,6,5232.89
298,1,174.95
41,2,410.42
155,2,336.59999999999997
60,1,227.97
137,1,197.57
140,8,2092.16
157,8,1809.39
283,1,389.78
37,1,314.74
23,3,432.18
74,2,631.87
16,4,1026.98
63,5,1155.0300000000002
155,1,31.85
317,1,-18.38
87,2,1220.9099999999999
107,6,8079.85
77,1,212.1
6,5,787.11
297,1,231.68
51,6,1099.81
24,6,4036.77
24,14,8906.04
53,4,727.58
39,3,696.25
52,2,880.97
100,7,3014.64
65,13,5038.61
48,10,1389.51
86,1,143.10000000000002
11,6,1357.95
370,1,231.90000000000003
60,1,327.0
162,5,640.76
119,2,572.07
115,17,4832.9
182,3,695.33
112,2,560.71
9,12,6683.33
79,1,856.01
80,2,406.68
16,7,1624.95
14,3,867.11
133,1,400.2
195,2,313.0
9,3,118.98
296,1,159.68
62,4,597.73
161,2,596.1899999999999
140,1,119.5
366,1,432.96
17,3,795.47
57,8,1447.8
8,2,225.45000000000002
57,2,321.3
204,2,198.41000000000003
226,3,229.46
161,1,263.76
70,8,2086.25
195,3,569.88
38,5,1281.83
3,12,2701.27
171,1,75.28
21,3,580.14
165,1,549.88
290,1,562.98
62,1,327.75
0,2,521.66
217,1,135.04000000000002
22,4,356.71
158,4,837.72
55,1,160.65
23,4,2004.01
9,6,3910.78
51,2,615.27
287,1,292.62
30,1,111.15
284,3,595.7
27,1,251.72
4,7,1702.43
93,2,567.5600000000001
1,10,2337.85
99,1,186.15
189,1,63.6
254,1,96.6
3,9,2226.96
51,1,144.9
52,7,1269.76
226,3,642.14
112,5,1250.86
3,2,433.99
136,1,100.86
216,1,131.15
79,2,501.97999999999996
3,7,1081.8600000000001
2,7,1269.8899999999999
197,12,5692.78
24,21,3880.61
83,2,369.98
7,7,1354.82
45,6,1013.13
10,2,679.44
6,17,3982.66
22,4,794.2
231,1,130.6
20,12,2736.64
91,3,1754.24
4,51,11788.08
18,4,871.14
324,1,200.18
181,2,38.92
116,1,181.89000000000001
63,1,68.03
17,3,520.45
36,1,198.29
25,2,490.21999999999997
116,3,258.93
71,2,189.78
31,2,417.3
3,5,1239.11
46,1,120.95
144,1,221.59
1,7,1504.26
59,1,268.28
134,2,205.14
80,7,970.25
20,1,491.81
104,2,601.4499999999999
371,1,204.3
59,1,141.12
30,1,465.4
18,1,114.1
34,2,445.44
200,1,25.2
73,1,118.85999999999999
9,6,797.8499999999999
91,2,623.08
13,1,188.46
24,4,686.54
263,2,407.94
35,2,237.81
2,18,2984.25
25,4,1050.8
11,7,1109.53
16,6,974.95
107,2,271.75
29,8,1896.57
304,2,467.78999999999996
365,1,338.13
9,4,450.8
74,2,336.62
25,2,393.64
259,1,131.15
169,1,111.5
283,1,2135.46
28,2,1151.04
0,15,3378.31
28,2,4511.76
16,2,237.64000000000001
22,2,1025.1
27,5,2105.81
28,11,1999.94
10,6,3314.1
55,1,124.45
360,1,157.32999999999998
304,1,29.1
3,4,1695.15
29,4,1008.05
11,7,900.64
42,5,644.52
1,10,1158.64
45,2,512.77
43,2,312.35
44,2,152.35
308,1,104.7
366,3,475.42
179,2,59.900000000000006
163,5,838.27
41,1,328.13
18,2,497.04
107,1,81.12
10,10,5321.54
0,3,60.0
1,16,9404.86
1,3,1006.53
9,7,1155.8400000000001
11,5,1066.3
363,2,286.24
10,8,946.64
8,12,2509.84
72,4,1285.69
15,4,674.16
29,3,612.381
62,9,1401.08
331,1,36.25
48,5,1415.55
63,3,1740.8999999999999
21,1,273.31
189,4,768.25
11,3,500.2
283,1,156.6
20,4,602.32
311,2,383.59000000000003
35,6,698.3100000000001
30,3,920.46
11,19,7149.82
21,8,3397.98
27,3,1075.59
10,7,829.67
90,1,979.1999999999999
258,3,236.97
16,23,2958.0
53,3,520.58
28,2,215.44
66,1,260.45
39,2,250.44
0,72,13881.25
9,2,0.0
69,4,643.75
3,12,19726.76
70,7,836.88
88,1,110.69999999999999
102,1,171.15
20,1,126.35000000000001
55,7,1415.81
9,34,23277.6
55,1,149.3
85,1,168.65
45,2,381.15
143,1,97.5
6,9,1243.8
51,1,516.87
175,1,-25111.09
216,3,2525.44
176,1,114.85
4,15,2427.5299999999997
85,1,118.95
34,10,15706.0
1,14,2663.38
46,1,552.9
135,3,132.24
56,8,7021.66
0,6,537.59
7,13,3126.92
39,2,560.14
58,4,1471.52
28,16,10383.13
183,1,164.18
22,1,206.60000000000002
2,8,2273.95
8,6,475.7
21,3,1059.41
9,10,1488.52
28,1,420.54
63,1,-176.96
87,10,2584.11
3,19,14159.61
31,3,830.04
0,3,469.40999999999997
20,7,1363.23
20,1,266.8
46,1,331.35
43,5,305.01
164,1,369.68
79,4,1034.32
290,1,325.74
184,1,137.16
367,1,293.35
0,14,2290.44
265,1,-506.51
132,53,14450.01
22,6,2348.94
2,8,46097.22
238,1,-227.28
87,7,1015.11
0,2,975.5600000000001
14,13,4061.31
16,1,213.08
7,15,1554.77
191,3,654.45
157,3,526.58
60,9,2533.64
30,1,102.6
10,1,57.8
35,16,3115.28
2,7,1679.8
109,1,321.65000000000003
263,1,224.81
36,3,592.15
234,1,1047.0
28,4,446.51
247,5,1079.0
43,2,1272.8
267,1,389.26000000000005
79,1,370.40999999999997
122,2,775.64
49,1,177.69
211,2,209.57
373,1,-29.55
363,1,160.55
276,1,336.5
23,2,658.18
2,8,2422.2000000000003
113,2,747.85
20,1,100.91000000000001
136,1,54.699999999999996
20,2,261.51
198,4,1114.84
25,2,287.25
182,2,673.96
15,9,6493.14
185,3,1289.64
16,8,4159.47
55,1,206.07999999999998
2,42,83760.6
87,9,2512.23
43,2,645.6
304,1,313.35
29,5,963.49
13,1,182.62
60,2,329.42
3,11,3263.73
29,2,554.85
73,3,363.9
32,2,739.2
0,9,2970.14
245,2,1240.25
0,4,724.26
146,7,897.77
20,1,65.34
69,1,34.8
86,4,1445.47
55,2,288.33
252,7,997.3399999999999
18,4,1011.7
144,1,119.86
276,2,170.1
184,1,120.05
25,3,944.82
25,3,767.54
181,1,-648.05
7,4,692.35
8,4,486.48
32,7,1898.3799999999999
7,12,2129.24
107,3,2270.0
60,3,565.43
14,1,142.77
367,1,34.0
28,1,259.17
147,1,167.62
30,4,1040.85
25,3,537.9
213,5,309.28000000000003
221,1,131.83
7,2,1024.55
268,1,374.45
16,2,0.0
177,1,205.23999999999998
8,7,496.26000000000005
302,1,171.7
0,24,5260.5199999999995
280,2,348.75
109,8,878.99
213,1,304.38
11,2,325.3
7,24,7511.36
81,5,1254.68
195,1,135.95
102,4,4067.12
80,3,948.03
254,1,167.4
263,1,176.71
31,6,1661.45
20,17,11288.72
2,2,519.95
373,2,0.0
44,9,4132.44
84,2,1504.7
3,8,2062.39
44,6,1380.92
16,1,409.98
99,3,44.55
15,1,297.07
99,10,2238.51
252,6,1280.21
57,4,633.02
225,1,160.75
372,1,87.30000000000001
11,1,333.81
84,2,296.07
37,8,655.0699999999999
175,8,1410.29
56,16,4246.16
9,22,3163.38
22,4,384.7
2,2,489.59999999999997
193,2,227.14000000000001
18,10,3046.06
20,4,1693.22
231,3,1125.17
44,6,1838.72
72,2,725.15
81,4,3958.5
237,1,254.0
113,2,285.11
23,2,641.4
9,4,470.16
352,2,-12.7
14,3,732.55
59,4,1256.83
282,2,842.4
22,5,506.67
14,7,2485.93
373,1,-6.95
64,3,1112.2
8,2,439.7
29,11,3095.56
363,1,-9.9
0,13,3098.5
304,2,198.6
20,1,418.87
104,3,680.7
122,8,1745.92
1,3,1013.54
65,1,126.0
7,4,829.38
372,1,163.47
276,1,-54.0
296,2,412.92
52,14,3292.77
109,2,561.59
128,1,563.1
112,3,1319.6399999999999
52,7,1828.29
97,3,2735.63
0,2,830.63
52,5,2600.46
10,8,2568.56
3,1,300.66
2,51,17507.74
1,7,1339.25
1,52,19647.41
202,2,281.7
156,9,1174.45
18,3,278.1
232,6,529.6
3,6,1982.45
20,3,819.01
7,8,2736.64
58,2,2557.35
55,1,432.68
9,2,286.5
23,2,317.08
1,8,2685.2
3,4,479.45
31,9,2228.96
146,2,1412.85
23,4,955.2
15,34,5179.84
111,2,442.0
0,12,4121.98
0,4,1192.07
53,1,296.1
90,2,260.38
1,24,9446.53
11,7,452.65000000000003
37,2,620.85
105,4,533.56
58,1,293.5
17,4,1198.09
20,8,1223.58
227,1,163.2
31,15,10165.53
56,1,376.92
261,2,247.63
2,9,1519.12
294,1,307.21000000000004
1,2,2006.32
10,1,102.0
30,8,1089.56
39,3,1345.45
231,1,438.65000000000003
17,8,2468.52
256,2,468.88
7,10,2144.17
160,3,741.69
2,11,4052.56
30,10,2282.01
9,12,4932.09
24,6,426.9
41,2,101.1
63,9,1743.3700000000001
77,2,208.85
15,1,326.74
112,2,600.34
106,5,774.63
162,1,358.15
181,1,351.66
56,1,157.85999999999999
99,5,379.56
9,10,2750.77
59,1,-72.23
10,3,728.75
3,31,3713.3
62,4,1555.83
28,2,441.92
8,6,624.09
91,1,129.75
280,4,36.15
37,3,741.02
83,1,156.37
16,2,299.61
45,1,141.85
22,5,1205.8799999999999
18,9,3024.88
71,2,141.6
27,1,187.3
149,2,575.37
32,8,1687.7
21,3,323.81
296,1,197.70000000000002
302,3,346.56
17,2,679.02
147,1,93.49
185,1,112.86
80,2,271.44
6,1,736.28
296,1,171.25
13,6,815.11
102,2,368.35
321,2,147.3
4,4,661.04
30,5,1191.44
216,1,178.07
24,12,3112.46
86,4,767.48
7,13,3657.3
27,1,184.66
11,4,378.68
245,1,414.72
30,3,437.87
183,4,262.64
6,12,5871.2300000000005
303,3,343.21
9,9,1756.73
3,4,405.48
10,2,1609.37
28,1,591.96
0,3,75.76
13,4,393.77
372,1,124.78
6,6,2907.65
9,1,180.60999999999999
41,1,334.62
55,5,2162.93
56,2,449.25
233,4,701.96
9,1,133.34
219,2,382.09
44,5,3791.1800000000003
358,1,338.46000000000004
49,2,689.6700000000001
0,11,3769.9500000000003
78,1,175.9
0,126,28844.93
237,1,430.69
46,1,114.92
190,4,596.09
150,2,129.69
52,22,2645.16
115,4,457.96000000000004
7,158,50495.5
57,6,1552.35
23,3,543.47
42,3,1596.29
97,4,757.24
7,1,208.97
0,2,1803.2
4,21,7539.89
3,4,717.39
20,13,2968.91
20,3,923.99
4,7,2585.2
20,2,321.72
10,35,15428.31
119,2,805.3000000000001
45,12,273.03
21,1,227.15
3,3,599.78
1,2,1213.8
32,4,913.05
16,1,235.87
8,15,4429.8
323,1,167.1
34,3,3424.02
30,2,999.48
274,2,366.0
14,2,291.56
174,4,308.18
3,21,2281.92
72,4,693.32
9,21,790.1700000000001
9,5,545.05
1,13,1236.67
2,9,1943.25
87,2,147.12
156,2,149.7
181,1,216.39999999999998
29,1,381.09000000000003
8,11,1571.08
275,1,291.76
8,7,1088.82
372,1,110.05
361,1,261.7
10,1,64.49
35,12,3020.64
186,1,225.78
263,2,43.87
135,3,396.39
73,1,536.28
3,41,20130.69
13,8,1533.98
178,1,170.4
162,2,289.5
7,3,550.95
7,1,244.08
79,3,638.2
356,1,294.0
206,1,128.7
22,8,2239.1
14,10,2502.44
32,16,2862.55
267,1,114.69
41,1,344.90000000000003
35,6,509.75
55,1,144.29
80,8,24976.44
225,3,1128.72
314,1,-165.03
58,1,74.99
331,3,360.35
6,87,46144.75
0,7,937.18
8,2,627.5400000000001
13,4,788.46
175,1,159.17000000000002
2,14,1521.79
290,2,392.6
363,1,465.42
227,1,140.75
157,2,61.300000000000004
7,64,1681.4
184,4,550.15
106,4,643.16
7,1,261.76
0,21,4434.81
226,5,865.49
6,2,223.42
8,4,590.4399999999999
137,25,2007.34
183,1,161.94
16,3,1035.1
1,13,2521.2200000000003
7,1,321.79
21,2,1165.41
0,4,1159.99
28,1,201.27
45,1,239.12
315,1,138.18
30,1,171.71
27,4,999.51
11,5,691.35
122,7,288.42
14,1,207.32999999999998
15,4,891.73
226,1,206.95
24,1,252.88
252,1,225.99
23,8,1593.49
17,2,419.38
14,3,482.33
15,4,601.74
1,2,338.41
199,1,124.25
84,4,509.01
10,4,244.37
11,1,353.51
16,3,524.83
27,1,215.22
50,14,17642.89
72,12,1823.19
8,2,410.79
358,1,115.3
45,2,476.90000000000003
66,1,165.0
34,3,34.55
178,2,129.28
144,2,216.41
20,4,894.53
175,1,-3248.86
14,6,1177.72
135,2,2074.07
218,1,192.05
277,1,433.77
13,1,451.3
10,1,335.52
20,2,546.34
20,8,1142.37
56,9,97.39999999999999
191,1,141.48
9,4,548.22
0,21,4475.81
176,1,116.1
1,1,287.91
22,8,1417.01
284,1,189.63
16,2,326.09
128,1,222.64
72,2,500.92
28,1,337.66
269,8,2275.98
199,1,10877.18
119,4,230.7
27,1,176.5
2,6,4381.78
231,2,176.1
28,3,1188.46
176,2,603.9
43,2,1185.46
1,20,4361.06
15,6,802.85
25,2,186.60000000000002
81,13,3613.98
23,17,3456.8
21,2,1122.4
18,6,2455.68
304,2,307.75
0,5,975.63
8,2,1019.44
9,17,3041.19
15,1,151.49
1,8,1699.25
60,2,389.40000000000003
126,1,590.78
32,1,463.53
9,3,88.5
8,3,955.8000000000001
14,17,10641.5
81,1,428.45
56,1,321.9
228,1,360.85
0,9,7107.43
79,4,2346.19
81,8,3305.32
62,3,1723.04
77,3,808.81
14,7,1959.3200000000002
31,1,527.94
185,1,451.56
9,3,399.61
0,95,341776.73
184,1,105.8
111,5,1019.16
77,1,165.88
231,2,577.8100000000001
4,15,1816.5900000000001
46,1,193.48000000000002
218,2,398.9
53,2,420.67
3,1,76.32000000000001
332,1,9.700000000000001
11,5,731.38
4,5,1062.95
2,1,180.7
148,1,92.2
107,1,102.65
38,1,209.05
172,1,399.29
266,1,222.95999999999998
139,1,220.13
233,2,445.0
27,8,547.3100000000001
37,5,769.88
186,2,145.99
108,1,536.41
28,3,873.97
8,8,2169.25
17,8,2730.4900000000002
281,1,112.85000000000001
39,4,941.88
55,5,1200.59
281,1,426.69
294,1,246.22
23,3,533.41
4,1,186.88
206,1,213.9
21,1,365.82
14,1,184.41
367,1,371.51
195,2,639.34
258,1,175.5
7,15,2474.91
9,6,1897.69
105,4,1206.0
15,38,9799.06
247,1,589.52
238,1,58.5
310,1,176.1
195,3,875.45
37,9,4481.08
157,2,754.38
35,6,799.76
98,1,291.13
357,1,329.58
258,3,682.19
65,4,1264.7
254,2,312.24
238,3,461.16
112,1,321.59999999999997
1,3,942.74
73,5,3188.2000000000003
22,1,101.16
106,2,770.56
148,2,221.4
310,2,342.2
357,1,447.53000000000003
16,3,332.1
188,1,314.65999999999997
128,3,505.12
200,1,360.08
17,1,147.45
312,1,298.3
165,5,1480.99
35,5,1924.65
148,4,281.05
231,2,479.91999999999996
3,9,1487.6200000000001
29,9,1473.92
20,2,337.03
20,25,7182.35
0,19,7284.59
13,24,6556.48
112,2,0.0
1,10,3526.81
0,3,1474.1100000000001
41,24,4766.7
186,1,179.6
23,6,913.11
150,1,270.92
7,2,588.75
50,5,896.0
80,4,1372.72
49,1,515.78
65,2,568.64
9,15,3728.67
244,1,162.72
44,6,721.43
80,8,21964.14
183,6,938.92
277,1,317.88
216,1,267.9
91,1,199.85
22,1,110.7
81,6,2231.42
99,8,2040.97
1,5,1979.6000000000001
9,24,7156.95
28,2,428.06
133,1,603.25
69,1,251.1
294,2,252.87
226,6,1451.22
1,1,168.6
67,1,161.4
244,2,680.85
64,4,1282.55
225,1,153.0
213,2,741.85
20,7,1297.31
23,6,1013.75
39,1,240.3
154,1,231.33999999999997
15,2,291.85
212,1,120.32
17,6,619.37
64,2,436.68
295,1,427.0
111,3,1188.43
17,5,2340.61
0,5229,1190919.98
